{"cameraMode":{"drawMode":0,"name":"Shaded","section":"Shading Mode"},"sceneLighting":false,"audioPlay":false,"sceneViewState":{"showFog":true,"showMaterialUpdate":false,"showSkybox":false,"showFlares":true,"showImageEffects":true,"showParticleSystems":true},"in2DMode":false,"pivot":{"x":-1.0021800994873047,"y":0.004298447631299496,"z":0.24361154437065125},"rotation":{"x":0.008387697860598565,"y":-0.7284106612205505,"z":0.009008562192320824,"w":0.6851346492767334},"size":2.037672281265259,"orthographic":false}