{"cameraMode":{"drawMode":0,"name":"Shaded","section":"Shading Mode"},"sceneLighting":false,"audioPlay":false,"sceneViewState":{"showFog":true,"showMaterialUpdate":false,"showSkybox":false,"showFlares":true,"showImageEffects":true,"showParticleSystems":true},"in2DMode":false,"pivot":{"x":-2.2711453437805177,"y":1.355839729309082,"z":3.3640055656433107},"rotation":{"x":0.02904442697763443,"y":0.9576939344406128,"z":-0.10412825644016266,"w":0.26689985394477847},"size":0.7935861349105835,"orthographic":false}