{"cameraMode":{"drawMode":0,"name":"Shaded","section":"Shading Mode"},"sceneLighting":false,"audioPlay":false,"sceneViewState":{"showFog":true,"showMaterialUpdate":false,"showSkybox":false,"showFlares":true,"showImageEffects":true,"showParticleSystems":true},"in2DMode":false,"pivot":{"x":-8.60147762298584,"y":-13.203204154968262,"z":0.6509299874305725},"rotation":{"x":-0.32983800768852236,"y":0.629970133304596,"z":-0.33675676584243777,"w":-0.6173375844955444},"size":9.959540367126465,"orthographic":false}