{"cameraMode":{"drawMode":0,"name":"Shaded","section":"Shading Mode"},"sceneLighting":false,"audioPlay":false,"sceneViewState":{"showFog":true,"showMaterialUpdate":false,"showSkybox":false,"showFlares":true,"showImageEffects":true,"showParticleSystems":true},"in2DMode":false,"pivot":{"x":0.17097961902618409,"y":-0.28677740693092348,"z":-0.31817585229873659},"rotation":{"x":0.12182637304067612,"y":0.6149575114250183,"z":-0.09691586345434189,"w":0.7730410695075989},"size":0.5612820386886597,"orthographic":false}