{"cameraMode":{"drawMode":0,"name":"Shaded","section":"Shading Mode"},"sceneLighting":false,"audioPlay":false,"sceneViewState":{"showFog":true,"showMaterialUpdate":false,"showSkybox":false,"showFlares":true,"showImageEffects":true,"showParticleSystems":true},"in2DMode":false,"pivot":{"x":-17.685861587524415,"y":-5.002355098724365,"z":1.1386182308197022},"rotation":{"x":-0.10180417448282242,"y":0.6839532852172852,"z":-0.09733956307172775,"w":-0.7159149646759033},"size":10.920249938964844,"orthographic":false}