{"cameraMode":{"drawMode":0,"name":"Shaded","section":"Shading Mode"},"sceneLighting":true,"audioPlay":false,"sceneViewState":{"showFog":true,"showMaterialUpdate":false,"showSkybox":false,"showFlares":true,"showImageEffects":true,"showParticleSystems":true},"in2DMode":false,"pivot":{"x":-335.54901123046877,"y":-1278.5186767578125,"z":1533.3173828125},"rotation":{"x":-0.31231990456581118,"y":0.1350453943014145,"z":-0.04485109820961952,"w":-0.9392862319946289},"size":1143.76025390625,"orthographic":false}