{"cameraMode":{"drawMode":0,"name":"Shaded","section":"Shading Mode"},"sceneLighting":false,"audioPlay":false,"sceneViewState":{"showFog":true,"showMaterialUpdate":false,"showSkybox":false,"showFlares":true,"showImageEffects":true,"showParticleSystems":true},"in2DMode":false,"pivot":{"x":-1.1608997583389283,"y":-0.2998869717121124,"z":-1.538771152496338},"rotation":{"x":0.01834012009203434,"y":-0.9768513441085815,"z":0.0944039449095726,"w":0.19172319769859315},"size":3.2016637325286867,"orthographic":false}