{"cameraMode":{"drawMode":0,"name":"Shaded","section":"Shading Mode"},"sceneLighting":false,"audioPlay":false,"sceneViewState":{"showFog":true,"showMaterialUpdate":false,"showSkybox":false,"showFlares":true,"showImageEffects":true,"showParticleSystems":true},"in2DMode":false,"pivot":{"x":-3.396801471710205,"y":-1.9381303787231446,"z":-13.868855476379395},"rotation":{"x":-0.019024169072508813,"y":0.9803512096405029,"z":-0.12000907957553864,"w":-0.15539249777793885},"size":10.0,"orthographic":false}