{"cameraMode":{"drawMode":0,"name":"Shaded","section":"Shading Mode"},"sceneLighting":true,"audioPlay":false,"sceneViewState":{"showFog":true,"showMaterialUpdate":false,"showSkybox":false,"showFlares":true,"showImageEffects":true,"showParticleSystems":true},"in2DMode":false,"pivot":{"x":-92.20146179199219,"y":10.579269409179688,"z":24.686880111694337},"rotation":{"x":1.8972684756590753e-7,"y":0.9969406127929688,"z":-7.722387351805082e-8,"w":0.07821673154830933},"size":1.4541549682617188,"orthographic":false}