{"cameraMode":{"drawMode":0,"name":"Shaded","section":"Shading Mode"},"sceneLighting":false,"audioPlay":false,"sceneViewState":{"showFog":true,"showMaterialUpdate":false,"showSkybox":false,"showFlares":true,"showImageEffects":true,"showParticleSystems":true},"in2DMode":false,"pivot":{"x":-0.19136352837085725,"y":1.263351321220398,"z":0.6705960035324097},"rotation":{"x":0.031736213713884357,"y":0.7260363101959229,"z":0.033544450998306277,"w":-0.6862255930900574},"size":1.8200714588165284,"orthographic":false}