{"cameraMode":{"drawMode":0,"name":"Shaded","section":"Shading Mode"},"sceneLighting":false,"audioPlay":false,"sceneViewState":{"showFog":true,"showMaterialUpdate":false,"showSkybox":false,"showFlares":true,"showImageEffects":true,"showParticleSystems":true},"in2DMode":false,"pivot":{"x":346.72320556640627,"y":112.3319091796875,"z":88.97587585449219},"rotation":{"x":-0.0035748991649597885,"y":-0.9950089454650879,"z":0.036125242710113528,"w":-0.09401226788759232},"size":5.562763690948486,"orthographic":false}