{"cameraMode":{"drawMode":0,"name":"Shaded","section":"Shading Mode"},"sceneLighting":true,"audioPlay":false,"sceneViewState":{"showFog":true,"showMaterialUpdate":false,"showSkybox":false,"showFlares":true,"showImageEffects":true,"showParticleSystems":true},"in2DMode":false,"pivot":{"x":110.78375244140625,"y":82.60002899169922,"z":-10.659255981445313},"rotation":{"x":0.0960988998413086,"y":-0.034032903611660007,"z":-0.0028687675949186088,"w":0.9958903789520264},"size":58.532772064208987,"orthographic":false}