{"cameraMode":{"drawMode":0,"name":"Shaded","section":"Shading Mode"},"sceneLighting":false,"audioPlay":false,"sceneViewState":{"showFog":true,"showMaterialUpdate":false,"showSkybox":false,"showFlares":true,"showImageEffects":true,"showParticleSystems":true},"in2DMode":false,"pivot":{"x":4.863059997558594,"y":59.27879333496094,"z":-3.5563063621520998},"rotation":{"x":0.020753607153892518,"y":0.9752002358436585,"z":-0.1042533740401268,"w":0.1941320151090622},"size":72.05009460449219,"orthographic":true}