{"cameraMode":{"drawMode":0,"name":"Shaded","section":"Shading Mode"},"sceneLighting":false,"audioPlay":false,"sceneViewState":{"showFog":true,"showMaterialUpdate":false,"showSkybox":false,"showFlares":true,"showImageEffects":true,"showParticleSystems":true},"in2DMode":false,"pivot":{"x":473.6971740722656,"y":53.772911071777347,"z":632.461181640625},"rotation":{"x":-0.013116279616951943,"y":-0.9610809087753296,"z":-0.04584163427352905,"w":0.27250275015830996},"size":7.242162227630615,"orthographic":false}