{"cameraMode":{"drawMode":0,"name":"Shaded","section":"Shading Mode"},"sceneLighting":false,"audioPlay":false,"sceneViewState":{"showFog":true,"showMaterialUpdate":false,"showSkybox":false,"showFlares":true,"showImageEffects":true,"showParticleSystems":true},"in2DMode":false,"pivot":{"x":1.129129409790039,"y":1.569435477256775,"z":7.7292070388793949},"rotation":{"x":-0.002754286862909794,"y":0.9969358444213867,"z":-0.06920236349105835,"w":-0.03859807923436165},"size":4.197712421417236,"orthographic":false}