{"cameraMode":{"drawMode":0,"name":"Shaded","section":"Shading Mode"},"sceneLighting":false,"audioPlay":false,"sceneViewState":{"showFog":true,"showMaterialUpdate":false,"showSkybox":false,"showFlares":true,"showImageEffects":true,"showParticleSystems":true},"in2DMode":false,"pivot":{"x":-34.87311935424805,"y":-0.09880111366510391,"z":-1.8757030963897706},"rotation":{"x":0.01337934285402298,"y":-0.9822455644607544,"z":0.17052911221981049,"w":0.07706364244222641},"size":2.770951747894287,"orthographic":false}