{"cameraMode":{"drawMode":0,"name":"Shaded","section":"Shading Mode"},"sceneLighting":false,"audioPlay":false,"sceneViewState":{"showFog":true,"showMaterialUpdate":false,"showSkybox":false,"showFlares":true,"showImageEffects":true,"showParticleSystems":true},"in2DMode":false,"pivot":{"x":-39.620243072509769,"y":2.938204765319824,"z":2.526895523071289},"rotation":{"x":0.0009005296160466969,"y":-0.9990662336349487,"z":0.033291809260845187,"w":0.03177061676979065},"size":8.55238151550293,"orthographic":false}