{"cameraMode":{"drawMode":0,"name":"Shaded","section":"Shading Mode"},"sceneLighting":false,"audioPlay":false,"sceneViewState":{"showFog":true,"showMaterialUpdate":false,"showSkybox":false,"showFlares":true,"showImageEffects":true,"showParticleSystems":true},"in2DMode":false,"pivot":{"x":-76.1917953491211,"y":-4.909906387329102,"z":12.454071998596192},"rotation":{"x":0.06125684455037117,"y":-0.5874705910682678,"z":0.04469211772084236,"w":0.8057321906089783},"size":24.728199005126954,"orthographic":false}