{"cameraMode":{"drawMode":0,"name":"Shaded","section":"Shading Mode"},"sceneLighting":false,"audioPlay":false,"sceneViewState":{"showFog":true,"showMaterialUpdate":false,"showSkybox":false,"showFlares":true,"showImageEffects":true,"showParticleSystems":true},"in2DMode":false,"pivot":{"x":-1.7539916038513184,"y":-0.3091363310813904,"z":0.35033294558525088},"rotation":{"x":-0.061192259192466739,"y":0.6851579546928406,"z":-0.05785810574889183,"w":-0.7236270308494568},"size":1.9774442911148072,"orthographic":false}