{"cameraMode":{"drawMode":0,"name":"Shaded","section":"Shading Mode"},"sceneLighting":false,"audioPlay":false,"sceneViewState":{"showFog":true,"showMaterialUpdate":false,"showSkybox":false,"showFlares":true,"showImageEffects":true,"showParticleSystems":true},"in2DMode":false,"pivot":{"x":-35.04674530029297,"y":0.4326467514038086,"z":0.13510826230049134},"rotation":{"x":-0.06021896004676819,"y":-0.04700339213013649,"z":0.0025916071608662607,"w":-0.9971639513969421},"size":2.3320508003234865,"orthographic":false}