{"cameraMode":{"drawMode":0,"name":"Shaded","section":"Shading Mode"},"sceneLighting":true,"audioPlay":false,"sceneViewState":{"showFog":true,"showMaterialUpdate":false,"showSkybox":false,"showFlares":true,"showImageEffects":true,"showParticleSystems":true},"in2DMode":false,"pivot":{"x":1010.0484619140625,"y":466.2674560546875,"z":331.0599365234375},"rotation":{"x":0.010032081045210362,"y":-0.9759111404418945,"z":0.04080144315958023,"w":0.21787360310554505},"size":1.5048391819000245,"orthographic":false}