{"cameraMode":{"drawMode":0,"name":"Shaded","section":"Shading Mode"},"sceneLighting":false,"audioPlay":false,"sceneViewState":{"showFog":true,"showMaterialUpdate":false,"showSkybox":false,"showFlares":true,"showImageEffects":true,"showParticleSystems":true},"in2DMode":false,"pivot":{"x":-1.4406449794769288,"y":0.8187179565429688,"z":3.143139123916626},"rotation":{"x":0.00392394233494997,"y":0.9892382621765137,"z":-0.1437557339668274,"w":0.027015356346964837},"size":0.5612820386886597,"orthographic":false}