{"cameraMode":{"drawMode":0,"name":"Shaded","section":"Shading Mode"},"sceneLighting":false,"audioPlay":false,"sceneViewState":{"showFog":true,"showMaterialUpdate":false,"showSkybox":false,"showFlares":true,"showImageEffects":true,"showParticleSystems":true},"in2DMode":false,"pivot":{"x":-0.11905574798583985,"y":-0.17970415949821473,"z":1.3583544492721558},"rotation":{"x":0.07880792021751404,"y":0.014640369452536106,"z":-0.0011471312027424574,"w":0.996789276599884},"size":1.266181468963623,"orthographic":false}