{"cameraMode":{"drawMode":2,"name":"Shaded Wireframe","section":"Shading Mode"},"sceneLighting":true,"audioPlay":false,"sceneViewState":{"showFog":true,"showMaterialUpdate":false,"showSkybox":false,"showFlares":true,"showImageEffects":true,"showParticleSystems":true},"in2DMode":false,"pivot":{"x":-180.4274139404297,"y":-538.6766967773438,"z":754.2938842773438},"rotation":{"x":-0.18349333107471467,"y":-0.558441162109375,"z":0.12976306676864625,"w":-0.7995433807373047},"size":1.0964601039886475,"orthographic":false}