{"cameraMode":{"drawMode":0,"name":"Shaded","section":"Shading Mode"},"sceneLighting":true,"audioPlay":false,"sceneViewState":{"showFog":true,"showMaterialUpdate":false,"showSkybox":false,"showFlares":true,"showImageEffects":true,"showParticleSystems":true},"in2DMode":false,"pivot":{"x":-27.976959228515626,"y":135.5856170654297,"z":-58.60520935058594},"rotation":{"x":0.3609207570552826,"y":0.19379110634326936,"z":-0.07779152691364289,"w":0.9093804955482483},"size":10.0,"orthographic":false}