{"cameraMode":{"drawMode":0,"name":"Shaded","section":"Shading Mode"},"sceneLighting":true,"audioPlay":false,"sceneViewState":{"showFog":true,"showMaterialUpdate":false,"showSkybox":false,"showFlares":true,"showImageEffects":true,"showParticleSystems":true},"in2DMode":false,"pivot":{"x":-91.8008041381836,"y":9.781465530395508,"z":18.987234115600587},"rotation":{"x":0.05004386976361275,"y":0.8489673733711243,"z":-0.08175208419561386,"w":0.5196847319602966},"size":1.4541549682617188,"orthographic":false}