{"cameraMode":{"drawMode":0,"name":"Shaded","section":"Shading Mode"},"sceneLighting":false,"audioPlay":false,"sceneViewState":{"showFog":true,"showMaterialUpdate":false,"showSkybox":false,"showFlares":true,"showImageEffects":true,"showParticleSystems":true},"in2DMode":false,"pivot":{"x":0.06483125686645508,"y":0.9722169637680054,"z":-0.4843740463256836},"rotation":{"x":0.0017047178698703647,"y":0.995164692401886,"z":-0.016723494976758958,"w":0.09761986136436463},"size":1.8200714588165284,"orthographic":false}