{"cameraMode":{"drawMode":0,"name":"Shaded","section":"Shading Mode"},"sceneLighting":true,"audioPlay":false,"sceneViewState":{"showFog":true,"showMaterialUpdate":false,"showSkybox":false,"showFlares":true,"showImageEffects":true,"showParticleSystems":true},"in2DMode":false,"pivot":{"x":230.24073791503907,"y":125.5379409790039,"z":406.2267150878906},"rotation":{"x":-0.03451545163989067,"y":-0.9581819772720337,"z":0.24999374151229859,"w":-0.1384998857975006},"size":7.8824872970581059,"orthographic":false}