{"cameraMode":{"drawMode":0,"name":"Shaded","section":"Shading Mode"},"sceneLighting":false,"audioPlay":false,"sceneViewState":{"showFog":true,"showMaterialUpdate":false,"showSkybox":false,"showFlares":true,"showImageEffects":true,"showParticleSystems":true},"in2DMode":false,"pivot":{"x":0.5604614615440369,"y":0.9362415671348572,"z":-0.09550809860229492},"rotation":{"x":0.04529288783669472,"y":-0.007497639395296574,"z":0.00033953716047108173,"w":0.9989417195320129},"size":1.484271764755249,"orthographic":false}