{"cameraMode":{"drawMode":0,"name":"Shaded","section":"Shading Mode"},"sceneLighting":false,"audioPlay":false,"sceneViewState":{"showFog":true,"showMaterialUpdate":false,"showSkybox":false,"showFlares":true,"showImageEffects":true,"showParticleSystems":true},"in2DMode":false,"pivot":{"x":-3.7282915115356447,"y":0.9074521660804749,"z":-3.228872299194336},"rotation":{"x":-0.06891167163848877,"y":-0.6170984506607056,"z":0.054382164031267169,"w":-0.7819747924804688},"size":0.8320507407188416,"orthographic":false}