{"cameraMode":{"drawMode":0,"name":"Shaded","section":"Shading Mode"},"sceneLighting":false,"audioPlay":false,"sceneViewState":{"showFog":true,"showMaterialUpdate":false,"showSkybox":false,"showFlares":true,"showImageEffects":true,"showParticleSystems":true},"in2DMode":false,"pivot":{"x":-0.175912007689476,"y":-0.3675723969936371,"z":1.227042555809021},"rotation":{"x":0.2467370331287384,"y":-0.06565656512975693,"z":0.01676367036998272,"w":0.966716468334198},"size":-1.266181468963623,"orthographic":false}