{"cameraMode":{"drawMode":0,"name":"Shaded","section":"Shading Mode"},"sceneLighting":false,"audioPlay":false,"sceneViewState":{"showFog":true,"showMaterialUpdate":false,"showSkybox":false,"showFlares":true,"showImageEffects":true,"showParticleSystems":true},"in2DMode":false,"pivot":{"x":-0.31378674507141116,"y":-0.0035148262977600099,"z":0.018158435821533204},"rotation":{"x":-0.05619121342897415,"y":0.892474889755249,"z":-0.11607421934604645,"w":-0.43246224522590639},"size":1.8200714588165284,"orthographic":false}