{"cameraMode":{"drawMode":0,"name":"Shaded","section":"Shading Mode"},"sceneLighting":false,"audioPlay":false,"sceneViewState":{"showFog":true,"showMaterialUpdate":false,"showSkybox":false,"showFlares":true,"showImageEffects":true,"showParticleSystems":true},"in2DMode":false,"pivot":{"x":352.1537170410156,"y":111.75274658203125,"z":91.34745025634766},"rotation":{"x":-0.1292831152677536,"y":-0.4150126874446869,"z":0.059541042894124988,"w":-0.898723840713501},"size":5.066025733947754,"orthographic":false}