{"cameraMode":{"drawMode":0,"name":"Shaded","section":"Shading Mode"},"sceneLighting":false,"audioPlay":false,"sceneViewState":{"showFog":true,"showMaterialUpdate":false,"showSkybox":false,"showFlares":true,"showImageEffects":true,"showParticleSystems":true},"in2DMode":false,"pivot":{"x":1241.59130859375,"y":139.0790252685547,"z":2697.767578125},"rotation":{"x":0.031324077397584918,"y":0.17302975058555604,"z":-0.005506329704076052,"w":0.984399139881134},"size":1932.323486328125,"orthographic":false}