{"cameraMode":{"drawMode":0,"name":"Shaded","section":"Shading Mode"},"sceneLighting":true,"audioPlay":false,"sceneViewState":{"showFog":true,"showMaterialUpdate":false,"showSkybox":false,"showFlares":true,"showImageEffects":true,"showParticleSystems":true},"in2DMode":false,"pivot":{"x":632.9232788085938,"y":411.6432189941406,"z":-146.53497314453126},"rotation":{"x":-0.22828777134418488,"y":0.4742235243320465,"z":-0.1267213672399521,"w":-0.8415295481681824},"size":0.34641018509864809,"orthographic":false}