{"cameraMode":{"drawMode":0,"name":"Shaded","section":"Shading Mode"},"sceneLighting":false,"audioPlay":false,"sceneViewState":{"showFog":true,"showMaterialUpdate":false,"showSkybox":false,"showFlares":true,"showImageEffects":true,"showParticleSystems":true},"in2DMode":false,"pivot":{"x":0.1387430727481842,"y":0.3450775742530823,"z":-0.5898232460021973},"rotation":{"x":0.001817713608033955,"y":0.9925182461738586,"z":-0.12118805944919586,"w":0.014889254234731198},"size":1.484271764755249,"orthographic":false}