{"cameraMode":{"drawMode":0,"name":"Shaded","section":"Shading Mode"},"sceneLighting":false,"audioPlay":false,"sceneViewState":{"showFog":true,"showMaterialUpdate":false,"showSkybox":false,"showFlares":true,"showImageEffects":true,"showParticleSystems":true},"in2DMode":false,"pivot":{"x":0.289093554019928,"y":-0.11279931664466858,"z":1.1764682531356812},"rotation":{"x":-0.007336112204939127,"y":0.9912894368171692,"z":-0.0628456398844719,"w":-0.11623087525367737},"size":1.8200714588165284,"orthographic":false}