{"cameraMode":{"drawMode":0,"name":"Shaded","section":"Shading Mode"},"sceneLighting":false,"audioPlay":false,"sceneViewState":{"showFog":true,"showMaterialUpdate":false,"showSkybox":false,"showFlares":true,"showImageEffects":true,"showParticleSystems":true},"in2DMode":false,"pivot":{"x":4.0027971267700199,"y":5.815210342407227,"z":4.611581325531006},"rotation":{"x":0.029307255521416665,"y":-0.8652358651161194,"z":0.05094987154006958,"w":0.4980422854423523},"size":2.1073949337005617,"orthographic":false}