{"cameraMode":{"drawMode":0,"name":"Shaded","section":"Shading Mode"},"sceneLighting":true,"audioPlay":false,"sceneViewState":{"showFog":true,"showMaterialUpdate":false,"showSkybox":false,"showFlares":true,"showImageEffects":true,"showParticleSystems":true},"in2DMode":false,"pivot":{"x":13.349004745483399,"y":27.53110122680664,"z":95.37384796142578},"rotation":{"x":0.018597327172756196,"y":-0.9882869124412537,"z":0.08983834087848664,"w":0.13932666182518006},"size":1.2222270965576172,"orthographic":false}