{"cameraMode":{"drawMode":0,"name":"Shaded","section":"Shading Mode"},"sceneLighting":false,"audioPlay":false,"sceneViewState":{"showFog":true,"showMaterialUpdate":false,"showSkybox":false,"showFlares":true,"showImageEffects":true,"showParticleSystems":true},"in2DMode":false,"pivot":{"x":-0.4913957715034485,"y":-1.1224881410598755,"z":-19.82931900024414},"rotation":{"x":-0.0003818521508947015,"y":0.999499499797821,"z":-0.02880188636481762,"w":-0.013193950988352299},"size":10.0,"orthographic":false}