{"cameraMode":{"drawMode":0,"name":"Shaded","section":"Shading Mode"},"sceneLighting":false,"audioPlay":false,"sceneViewState":{"showFog":true,"showMaterialUpdate":false,"showSkybox":false,"showFlares":true,"showImageEffects":true,"showParticleSystems":true},"in2DMode":false,"pivot":{"x":13.96423625946045,"y":14.134908676147461,"z":20.501407623291017},"rotation":{"x":0.07481662184000015,"y":-0.10600537061691284,"z":0.007986746728420258,"w":0.9915820956230164},"size":3.976832866668701,"orthographic":false}