{"cameraMode":{"drawMode":0,"name":"Shaded","section":"Shading Mode"},"sceneLighting":false,"audioPlay":false,"sceneViewState":{"showFog":true,"showMaterialUpdate":false,"showSkybox":false,"showFlares":true,"showImageEffects":true,"showParticleSystems":true},"in2DMode":false,"pivot":{"x":253.97850036621095,"y":44.937782287597659,"z":-864.8256225585938},"rotation":{"x":-0.03478582575917244,"y":-0.039561379700899127,"z":0.0011342519428581,"w":-0.9987505674362183},"size":6.064027786254883,"orthographic":false}