{"cameraMode":{"drawMode":0,"name":"Shaded","section":"Shading Mode"},"sceneLighting":false,"audioPlay":false,"sceneViewState":{"showFog":true,"showMaterialUpdate":false,"showSkybox":false,"showFlares":true,"showImageEffects":true,"showParticleSystems":true},"in2DMode":false,"pivot":{"x":144.70069885253907,"y":203.6573028564453,"z":121.03546905517578},"rotation":{"x":0.07673202455043793,"y":0.007472339551895857,"z":-0.0005752774304710329,"w":0.9970211982727051},"size":100.66112518310547,"orthographic":false}