{"cameraMode":{"drawMode":0,"name":"Shaded","section":"Shading Mode"},"sceneLighting":false,"audioPlay":false,"sceneViewState":{"showFog":true,"showMaterialUpdate":false,"showSkybox":false,"showFlares":true,"showImageEffects":true,"showParticleSystems":true},"in2DMode":false,"pivot":{"x":0.943756639957428,"y":1.6097757816314698,"z":0.6082040667533875},"rotation":{"x":0.010183373466134072,"y":-0.023726776242256166,"z":-0.00024208052491303533,"w":-0.9996666312217712},"size":10.442038536071778,"orthographic":false}