{"cameraMode":{"drawMode":0,"name":"Shaded","section":"Shading Mode"},"sceneLighting":false,"audioPlay":false,"sceneViewState":{"showFog":true,"showMaterialUpdate":false,"showSkybox":false,"showFlares":true,"showImageEffects":true,"showParticleSystems":true},"in2DMode":false,"pivot":{"x":29.642072677612306,"y":3.131437063217163,"z":19.579036712646486},"rotation":{"x":0.005088900215923786,"y":-0.44682005047798159,"z":-0.002541857771575451,"w":-0.894605815410614},"size":45.49088668823242,"orthographic":false}