{"cameraMode":{"drawMode":0,"name":"Shaded","section":"Shading Mode"},"sceneLighting":false,"audioPlay":false,"sceneViewState":{"showFog":true,"showMaterialUpdate":false,"showSkybox":false,"showFlares":true,"showImageEffects":true,"showParticleSystems":true},"in2DMode":false,"pivot":{"x":3.2164652347564699,"y":7.0717878341674809,"z":27.994997024536134},"rotation":{"x":-0.011942537501454354,"y":0.9880520105361939,"z":-0.11044973880052567,"w":-0.1068250760436058},"size":20.064550399780275,"orthographic":false}