{"cameraMode":{"drawMode":0,"name":"Shaded","section":"Shading Mode"},"sceneLighting":false,"audioPlay":false,"sceneViewState":{"showFog":true,"showMaterialUpdate":false,"showSkybox":false,"showFlares":true,"showImageEffects":true,"showParticleSystems":true},"in2DMode":false,"pivot":{"x":3.522059440612793,"y":-2.327746629714966,"z":-6.7817535400390629},"rotation":{"x":0.040981899946928027,"y":0.95382159948349,"z":-0.1532517373561859,"w":0.25506648421287539},"size":9.937845230102539,"orthographic":false}