{"cameraMode":{"drawMode":0,"name":"Shaded","section":"Shading Mode"},"sceneLighting":false,"audioPlay":false,"sceneViewState":{"showFog":true,"showMaterialUpdate":false,"showSkybox":false,"showFlares":true,"showImageEffects":true,"showParticleSystems":true},"in2DMode":false,"pivot":{"x":0.05263972282409668,"y":-8.088943481445313,"z":-33.22241973876953},"rotation":{"x":-0.002765847835689783,"y":0.9965754747390747,"z":-0.07369377464056015,"w":-0.03740215301513672},"size":39.165489196777347,"orthographic":false}