{"cameraMode":{"drawMode":0,"name":"Shaded","section":"Shading Mode"},"sceneLighting":false,"audioPlay":false,"sceneViewState":{"showFog":true,"showMaterialUpdate":false,"showSkybox":false,"showFlares":true,"showImageEffects":true,"showParticleSystems":true},"in2DMode":false,"pivot":{"x":0.13652631640434266,"y":-2.637943744659424,"z":-15.970817565917969},"rotation":{"x":-0.0006426931940950453,"y":0.9898094534873962,"z":-0.14232678711414338,"w":-0.0044669779017567638},"size":32.49867248535156,"orthographic":false}