{"cameraMode":{"drawMode":0,"name":"Shaded","section":"Shading Mode"},"sceneLighting":false,"audioPlay":false,"sceneViewState":{"showFog":true,"showMaterialUpdate":false,"showSkybox":false,"showFlares":true,"showImageEffects":true,"showParticleSystems":true},"in2DMode":false,"pivot":{"x":16.02883529663086,"y":7.36986780166626,"z":-0.38935980200767519},"rotation":{"x":-0.15312480926513673,"y":0.6889355182647705,"z":-0.1524774730205536,"w":-0.6918607354164124},"size":3.8368618488311769,"orthographic":false}