{"cameraMode":{"drawMode":0,"name":"Shaded","section":"Shading Mode"},"sceneLighting":false,"audioPlay":false,"sceneViewState":{"showFog":true,"showMaterialUpdate":false,"showSkybox":false,"showFlares":true,"showImageEffects":true,"showParticleSystems":true},"in2DMode":false,"pivot":{"x":-25.191791534423829,"y":4.506279468536377,"z":-2.6972362995147707},"rotation":{"x":0.08730243146419525,"y":0.6615380644798279,"z":-0.07797227799892426,"w":0.7407199740409851},"size":4.041658401489258,"orthographic":false}