{"cameraMode":{"drawMode":0,"name":"Shaded","section":"Shading Mode"},"sceneLighting":false,"audioPlay":false,"sceneViewState":{"showFog":true,"showMaterialUpdate":false,"showSkybox":false,"showFlares":true,"showImageEffects":true,"showParticleSystems":true},"in2DMode":false,"pivot":{"x":96.03517150878906,"y":754.1388549804688,"z":43.582603454589847},"rotation":{"x":-0.13638907670974732,"y":-0.00386444921605289,"z":0.0005327344406396151,"w":-0.9906476736068726},"size":111.38615417480469,"orthographic":false}