{"cameraMode":{"drawMode":0,"name":"Shaded","section":"Shading Mode"},"sceneLighting":true,"audioPlay":false,"sceneViewState":{"showFog":true,"showMaterialUpdate":false,"showSkybox":true,"showFlares":true,"showImageEffects":true,"showParticleSystems":true},"in2DMode":false,"pivot":{"x":-0.3591931462287903,"y":-2.538792371749878,"z":-6.714595317840576},"rotation":{"x":-0.0054642073810100559,"y":0.9900462031364441,"z":-0.1347886025905609,"w":-0.04013380408287048},"size":11.94945240020752,"orthographic":false}