{"cameraMode":{"drawMode":0,"name":"Shaded","section":"Shading Mode"},"sceneLighting":false,"audioPlay":false,"sceneViewState":{"showFog":true,"showMaterialUpdate":false,"showSkybox":false,"showFlares":true,"showImageEffects":true,"showParticleSystems":true},"in2DMode":false,"pivot":{"x":-0.15194196999073029,"y":-4.452648162841797,"z":-18.569561004638673},"rotation":{"x":-0.005064408760517836,"y":0.9912304878234863,"z":-0.12588545680046082,"w":-0.039868149906396869},"size":22.876415252685548,"orthographic":false}