{"cameraMode":{"drawMode":0,"name":"Shaded","section":"Shading Mode"},"sceneLighting":false,"audioPlay":false,"sceneViewState":{"showFog":true,"showMaterialUpdate":false,"showSkybox":false,"showFlares":true,"showImageEffects":true,"showParticleSystems":true},"in2DMode":false,"pivot":{"x":-21.635665893554689,"y":541.797119140625,"z":398.90667724609377},"rotation":{"x":-0.24144484102725984,"y":0.08487568795681,"z":-0.021203774958848954,"w":-0.9664631485939026},"size":599.5656127929688,"orthographic":false}