{"cameraMode":{"drawMode":0,"name":"Shaded","section":"Shading Mode"},"sceneLighting":true,"audioPlay":false,"sceneViewState":{"showFog":true,"showMaterialUpdate":false,"showSkybox":true,"showFlares":true,"showImageEffects":true,"showParticleSystems":true},"in2DMode":false,"pivot":{"x":115.64237213134766,"y":736.4533081054688,"z":209.8770751953125},"rotation":{"x":-0.06626588851213455,"y":0.0035893311724066736,"z":-0.00023791065905243158,"w":-0.9977955222129822},"size":349.7265625,"orthographic":false}