{"cameraMode":{"drawMode":0,"name":"Shaded","section":"Shading Mode"},"sceneLighting":false,"audioPlay":false,"sceneViewState":{"showFog":true,"showMaterialUpdate":false,"showSkybox":false,"showFlares":true,"showImageEffects":true,"showParticleSystems":true},"in2DMode":false,"pivot":{"x":0.4874800741672516,"y":0.8578968644142151,"z":6.527764320373535},"rotation":{"x":0.0011085666483268142,"y":0.9958485960960388,"z":-0.09019111841917038,"w":0.01224596705287695},"size":3.0049936771392824,"orthographic":false}