{"cameraMode":{"drawMode":0,"name":"Shaded","section":"Shading Mode"},"sceneLighting":false,"audioPlay":false,"sceneViewState":{"showFog":true,"showMaterialUpdate":false,"showSkybox":false,"showFlares":true,"showImageEffects":true,"showParticleSystems":true},"in2DMode":false,"pivot":{"x":-0.7870858907699585,"y":3.1904733180999758,"z":-11.080924034118653},"rotation":{"x":0.000019513829101924784,"y":0.9998427629470825,"z":0.0011767513351514936,"w":-0.017694909125566484},"size":22.0,"orthographic":false}