{"cameraMode":{"drawMode":0,"name":"Shaded","section":"Shading Mode"},"sceneLighting":false,"audioPlay":false,"sceneViewState":{"showFog":true,"showMaterialUpdate":false,"showSkybox":false,"showFlares":true,"showImageEffects":true,"showParticleSystems":true},"in2DMode":false,"pivot":{"x":12.731801986694336,"y":-7.732091903686523,"z":-17.91147804260254},"rotation":{"x":0.04933549463748932,"y":0.9409953951835632,"z":-0.15699000656604768,"w":0.2957158386707306},"size":27.628198623657228,"orthographic":false}