{"cameraMode":{"drawMode":0,"name":"Shaded","section":"Shading Mode"},"sceneLighting":false,"audioPlay":false,"sceneViewState":{"showFog":true,"showMaterialUpdate":false,"showSkybox":false,"showFlares":true,"showImageEffects":true,"showParticleSystems":true},"in2DMode":false,"pivot":{"x":20.10607147216797,"y":-7.593715190887451,"z":-9.527499198913575},"rotation":{"x":0.08432641625404358,"y":0.8418418765068054,"z":-0.13785326480865479,"w":0.5149639844894409},"size":24.35817527770996,"orthographic":false}