{"cameraMode":{"drawMode":0,"name":"Shaded","section":"Shading Mode"},"sceneLighting":false,"audioPlay":false,"sceneViewState":{"showFog":true,"showMaterialUpdate":false,"showSkybox":false,"showFlares":true,"showImageEffects":true,"showParticleSystems":true},"in2DMode":false,"pivot":{"x":0.21476265788078309,"y":-4.867671489715576,"z":-18.407176971435548},"rotation":{"x":0.0005847602151334286,"y":0.9914463758468628,"z":-0.13043780624866486,"w":0.004446526523679495},"size":22.0,"orthographic":false}