{"cameraMode":{"drawMode":0,"name":"Shaded","section":"Shading Mode"},"sceneLighting":false,"audioPlay":false,"sceneViewState":{"showFog":true,"showMaterialUpdate":false,"showSkybox":false,"showFlares":true,"showImageEffects":true,"showParticleSystems":true},"in2DMode":false,"pivot":{"x":-5.2266764640808109,"y":-0.1540166139602661,"z":-0.5202772617340088},"rotation":{"x":-0.03584384173154831,"y":0.7143874764442444,"z":-0.03669242560863495,"w":-0.697867751121521},"size":7.696252822875977,"orthographic":false}