{"cameraMode":{"drawMode":0,"name":"Shaded","section":"Shading Mode"},"sceneLighting":false,"audioPlay":false,"sceneViewState":{"showFog":true,"showMaterialUpdate":false,"showSkybox":false,"showFlares":true,"showImageEffects":true,"showParticleSystems":true},"in2DMode":false,"pivot":{"x":77.63407135009766,"y":729.792724609375,"z":202.20701599121095},"rotation":{"x":-0.1073324903845787,"y":-0.11842186003923416,"z":0.01287749595940113,"w":-0.9870614409446716},"size":266.1568298339844,"orthographic":false}