{"cameraMode":{"drawMode":0,"name":"Shaded","section":"Shading Mode"},"sceneLighting":true,"audioPlay":false,"sceneViewState":{"showFog":true,"showMaterialUpdate":false,"showSkybox":true,"showFlares":true,"showImageEffects":true,"showParticleSystems":true},"in2DMode":false,"pivot":{"x":12.58205509185791,"y":6.807892322540283,"z":31.647689819335939},"rotation":{"x":-0.005134295206516981,"y":0.9771758317947388,"z":-0.023768503218889238,"w":-0.21103577315807343},"size":1.803074836730957,"orthographic":false}