{"cameraMode":{"drawMode":0,"name":"Shaded","section":"Shading Mode"},"sceneLighting":false,"audioPlay":false,"sceneViewState":{"showFog":true,"showMaterialUpdate":false,"showSkybox":false,"showFlares":true,"showImageEffects":true,"showParticleSystems":true},"in2DMode":false,"pivot":{"x":2.476696491241455,"y":4.907269477844238,"z":-1.5322259664535523},"rotation":{"x":-0.012968817725777626,"y":0.746500551700592,"z":0.014557967893779278,"w":0.6650991439819336},"size":12.248153686523438,"orthographic":false}