{"cameraMode":{"drawMode":0,"name":"Shaded","section":"Shading Mode"},"sceneLighting":false,"audioPlay":false,"sceneViewState":{"showFog":true,"showMaterialUpdate":false,"showSkybox":false,"showFlares":true,"showImageEffects":true,"showParticleSystems":true},"in2DMode":false,"pivot":{"x":121.80994415283203,"y":86.09207153320313,"z":-151.64251708984376},"rotation":{"x":-0.05469023436307907,"y":0.19667835533618928,"z":-0.010988101363182068,"w":-0.9788799285888672},"size":51.477516174316409,"orthographic":false}