{"cameraMode":{"drawMode":0,"name":"Shaded","section":"Shading Mode"},"sceneLighting":false,"audioPlay":false,"sceneViewState":{"showFog":true,"showMaterialUpdate":false,"showSkybox":false,"showFlares":true,"showImageEffects":true,"showParticleSystems":true},"in2DMode":false,"pivot":{"x":0.24812331795692445,"y":-12.033248901367188,"z":9.270853042602539},"rotation":{"x":-0.439273476600647,"y":-0.010245448909699917,"z":0.005009396467357874,"w":-0.8982810378074646},"size":17.09140396118164,"orthographic":false}