{"cameraMode":{"drawMode":0,"name":"Shaded","section":"Shading Mode"},"sceneLighting":false,"audioPlay":false,"sceneViewState":{"showFog":true,"showMaterialUpdate":false,"showSkybox":false,"showFlares":true,"showImageEffects":true,"showParticleSystems":true},"in2DMode":false,"pivot":{"x":-1.655810832977295,"y":0.9947267174720764,"z":0.8187361359596252},"rotation":{"x":0.10338666290044785,"y":0.6640356779098511,"z":-0.09345760941505432,"w":0.7345975041389465},"size":0.762286365032196,"orthographic":false}