{"cameraMode":{"drawMode":0,"name":"Shaded","section":"Shading Mode"},"sceneLighting":false,"audioPlay":false,"sceneViewState":{"showFog":true,"showMaterialUpdate":false,"showSkybox":false,"showFlares":true,"showImageEffects":true,"showParticleSystems":true},"in2DMode":false,"pivot":{"x":-8.41028118133545,"y":0.1808985471725464,"z":1.764247179031372},"rotation":{"x":0.08649150282144547,"y":0.7546117305755615,"z":-0.10159015655517578,"w":0.6424638628959656},"size":4.804994106292725,"orthographic":false}