{"cameraMode":{"drawMode":0,"name":"Shaded","section":"Shading Mode"},"sceneLighting":false,"audioPlay":false,"sceneViewState":{"showFog":true,"showMaterialUpdate":false,"showSkybox":false,"showFlares":true,"showImageEffects":true,"showParticleSystems":true},"in2DMode":false,"pivot":{"x":8.701698303222657,"y":-7.1337432861328129,"z":0.537850022315979},"rotation":{"x":0.25031015276908877,"y":0.6443285942077637,"z":-0.23615628480911256,"w":0.6829463243484497},"size":24.35817527770996,"orthographic":false}