{"cameraMode":{"drawMode":0,"name":"Shaded","section":"Shading Mode"},"sceneLighting":false,"audioPlay":false,"sceneViewState":{"showFog":true,"showMaterialUpdate":false,"showSkybox":false,"showFlares":true,"showImageEffects":true,"showParticleSystems":true},"in2DMode":false,"pivot":{"x":2.5746302604675295,"y":-2.9949915409088136,"z":18.139705657958986},"rotation":{"x":0.07648266106843949,"y":0.0809837058186531,"z":-0.00623291963711381,"w":0.9937571883201599},"size":30.01410675048828,"orthographic":false}