{"cameraMode":{"drawMode":0,"name":"Shaded","section":"Shading Mode"},"sceneLighting":false,"audioPlay":false,"sceneViewState":{"showFog":true,"showMaterialUpdate":false,"showSkybox":false,"showFlares":true,"showImageEffects":true,"showParticleSystems":true},"in2DMode":false,"pivot":{"x":77.71257019042969,"y":-14.396824836730957,"z":-19.569379806518556},"rotation":{"x":-0.0007829826790839434,"y":0.9990028738975525,"z":0.040169961750507358,"w":0.019468102604150773},"size":22.0,"orthographic":false}