{"cameraMode":{"drawMode":0,"name":"Shaded","section":"Shading Mode"},"sceneLighting":false,"audioPlay":false,"sceneViewState":{"showFog":true,"showMaterialUpdate":false,"showSkybox":false,"showFlares":true,"showImageEffects":true,"showParticleSystems":true},"in2DMode":false,"pivot":{"x":3.352088689804077,"y":-32.66149139404297,"z":132.5713653564453},"rotation":{"x":-0.13192906975746156,"y":0.005054231267422438,"z":-0.0006716405041515827,"w":-0.9912460446357727},"size":20.064550399780275,"orthographic":false}