{"cameraMode":{"drawMode":0,"name":"Shaded","section":"Shading Mode"},"sceneLighting":false,"audioPlay":false,"sceneViewState":{"showFog":true,"showMaterialUpdate":false,"showSkybox":false,"showFlares":true,"showImageEffects":true,"showParticleSystems":true},"in2DMode":false,"pivot":{"x":-0.021548092365264894,"y":0.05150309205055237,"z":-0.19859379529953004},"rotation":{"x":0.1938951015472412,"y":0.26550227403640749,"z":-0.05460206791758537,"w":0.9428318738937378},"size":0.9598903059959412,"orthographic":false}