{"cameraMode":{"drawMode":0,"name":"Shaded","section":"Shading Mode"},"sceneLighting":false,"audioPlay":false,"sceneViewState":{"showFog":true,"showMaterialUpdate":false,"showSkybox":false,"showFlares":true,"showImageEffects":true,"showParticleSystems":true},"in2DMode":false,"pivot":{"x":0.7837064862251282,"y":-2.869354248046875,"z":7.423682689666748},"rotation":{"x":0.16597287356853486,"y":0.028414752334356309,"z":-0.004743530880659819,"w":0.9857094883918762},"size":17.63485336303711,"orthographic":false}