{"cameraMode":{"drawMode":0,"name":"Shaded","section":"Shading Mode"},"sceneLighting":false,"audioPlay":false,"sceneViewState":{"showFog":true,"showMaterialUpdate":false,"showSkybox":false,"showFlares":true,"showImageEffects":true,"showParticleSystems":true},"in2DMode":false,"pivot":{"x":22.282272338867189,"y":-12.739870071411133,"z":-23.029888153076173},"rotation":{"x":-0.06826172024011612,"y":-0.9086960554122925,"z":0.16424544155597688,"w":-0.37767088413238528},"size":56.99593734741211,"orthographic":false}