{"cameraMode":{"drawMode":0,"name":"Shaded","section":"Shading Mode"},"sceneLighting":true,"audioPlay":false,"sceneViewState":{"showFog":true,"showMaterialUpdate":false,"showSkybox":true,"showFlares":true,"showImageEffects":true,"showParticleSystems":true},"in2DMode":false,"pivot":{"x":189.6651611328125,"y":122.25821685791016,"z":-137.57315063476563},"rotation":{"x":0.007180566433817148,"y":-0.027897102758288385,"z":-0.00019940981292165816,"w":-0.9995850324630737},"size":426.9443664550781,"orthographic":false}