{"cameraMode":{"drawMode":0,"name":"Shaded","section":"Shading Mode"},"sceneLighting":false,"audioPlay":false,"sceneViewState":{"showFog":true,"showMaterialUpdate":false,"showSkybox":false,"showFlares":true,"showImageEffects":true,"showParticleSystems":true},"in2DMode":false,"pivot":{"x":1.9473750591278077,"y":0.3928217887878418,"z":-0.15750885009765626},"rotation":{"x":0.0332554467022419,"y":-0.05363353714346886,"z":0.0018272477900609375,"w":0.9980050921440125},"size":10.398635864257813,"orthographic":false}