{"cameraMode":{"drawMode":0,"name":"Shaded","section":"Shading Mode"},"sceneLighting":false,"audioPlay":false,"sceneViewState":{"showFog":true,"showMaterialUpdate":false,"showSkybox":false,"showFlares":true,"showImageEffects":true,"showParticleSystems":true},"in2DMode":false,"pivot":{"x":-4.976070880889893,"y":-0.3387233018875122,"z":-10.14033317565918},"rotation":{"x":-0.0073229968547821049,"y":0.9726699590682983,"z":-0.030964206904172899,"w":-0.2300017774105072},"size":19.366939544677736,"orthographic":false}