{"cameraMode":{"drawMode":0,"name":"Shaded","section":"Shading Mode"},"sceneLighting":false,"audioPlay":false,"sceneViewState":{"showFog":true,"showMaterialUpdate":false,"showSkybox":false,"showFlares":true,"showImageEffects":true,"showParticleSystems":true},"in2DMode":false,"pivot":{"x":-4.9305830001831059,"y":2.032247304916382,"z":4.041542053222656},"rotation":{"x":0.00021129382366780192,"y":0.9996964335441589,"z":-0.02281687781214714,"w":0.009300271049141884},"size":5.14523458480835,"orthographic":false}