{"cameraMode":{"drawMode":0,"name":"Shaded","section":"Shading Mode"},"sceneLighting":false,"audioPlay":false,"sceneViewState":{"showFog":true,"showMaterialUpdate":false,"showSkybox":false,"showFlares":true,"showImageEffects":true,"showParticleSystems":true},"in2DMode":false,"pivot":{"x":-1.5249236822128297,"y":0.6235260367393494,"z":0.881955623626709},"rotation":{"x":0.17174731194972993,"y":-0.1861230432987213,"z":0.033104412257671359,"w":0.9668325781822205},"size":17.63485336303711,"orthographic":false}