{"cameraMode":{"drawMode":0,"name":"Shaded","section":"Shading Mode"},"sceneLighting":false,"audioPlay":false,"sceneViewState":{"showFog":true,"showMaterialUpdate":false,"showSkybox":false,"showFlares":true,"showImageEffects":true,"showParticleSystems":true},"in2DMode":false,"pivot":{"x":89.45530700683594,"y":694.0810546875,"z":428.3153076171875},"rotation":{"x":0.09315914660692215,"y":0.0194096639752388,"z":-0.0018167415400967002,"w":0.9954603910446167},"size":599.5656127929688,"orthographic":false}