{"cameraMode":{"drawMode":0,"name":"Shaded","section":"Shading Mode"},"sceneLighting":false,"audioPlay":false,"sceneViewState":{"showFog":true,"showMaterialUpdate":false,"showSkybox":false,"showFlares":true,"showImageEffects":true,"showParticleSystems":true},"in2DMode":false,"pivot":{"x":0.9199315309524536,"y":0.25551286339759829,"z":-0.029213597998023034},"rotation":{"x":-0.09303013235330582,"y":0.6689868569374085,"z":-0.08495976030826569,"w":-0.7325189113616943},"size":1.1344928741455079,"orthographic":false}