{"cameraMode":{"drawMode":0,"name":"Shaded","section":"Shading Mode"},"sceneLighting":true,"audioPlay":false,"sceneViewState":{"showFog":true,"showMaterialUpdate":false,"showSkybox":true,"showFlares":true,"showImageEffects":true,"showParticleSystems":true},"in2DMode":false,"pivot":{"x":71.9276351928711,"y":-19.343467712402345,"z":141.776611328125},"rotation":{"x":-0.06042752414941788,"y":-0.20747745037078858,"z":0.012842944823205471,"w":-0.9762872457504273},"size":217.23854064941407,"orthographic":false}