{"cameraMode":{"drawMode":0,"name":"Shaded","section":"Shading Mode"},"sceneLighting":false,"audioPlay":false,"sceneViewState":{"showFog":true,"showMaterialUpdate":false,"showSkybox":false,"showFlares":true,"showImageEffects":true,"showParticleSystems":true},"in2DMode":false,"pivot":{"x":-0.7497982382774353,"y":2.1484944820404054,"z":13.184359550476075},"rotation":{"x":-0.00031882175244390965,"y":0.9984263181686401,"z":-0.05578995868563652,"w":-0.005688236560672522},"size":0.00007379025191767141,"orthographic":false}