{"cameraMode":{"drawMode":0,"name":"Shaded","section":"Shading Mode"},"sceneLighting":false,"audioPlay":false,"sceneViewState":{"showFog":true,"showMaterialUpdate":false,"showSkybox":false,"showFlares":true,"showImageEffects":true,"showParticleSystems":true},"in2DMode":false,"pivot":{"x":-0.0017425939440727234,"y":0.02528473362326622,"z":0.0},"rotation":{"x":0.004243754781782627,"y":0.9912934899330139,"z":-0.12739194929599763,"w":0.03302204608917236},"size":0.37854042649269106,"orthographic":false}